Gene,AA_metabolism
AAT2,Aspartate
BNA4,AAA
GLN1,Glutamine
IDH1,Other
LYS1,Lysine
MET17,Methionine
SAM2,Methionine
ALT1,Alanine
CAR1,Arginine
GLT1,Glutamate
IDH2,Other
LYS12,Lysine
MET2,Methionine
SER1,Serine and glycine
ARG1,Arginine
CAR2,Arginine
GLY1,Glycine
ILV1,BCAA
LYS2,Lysine
MET22,Methionine
SER33,Serine and glycine
ARG3,Arginine
CIT2,Other
HIS1,Histidine
ILV2,BCAA
LYS20,Lysine
MET3,Methionine
STR2,Homoserine
ARG4,Arginine
CPA1,Arginine
HIS3,Histidine
ILV3,BCAA
LYS21,Lysine
MET5,Methionine
STR3,Cysteine
"ARG5,6",Arginine
CPA2,Arginine
HIS4,Histidine
ILV5,BCAA
LYS4,Lysine
MET6,Methionine
THR4,Threonine
ARG7,Arginine
CYS3,Cysteine
HIS5,Histidine
ILV6,BCAA
LYS9,Lysine
MMF1,BCAA
TRP2,AAA
ARG8,Arginine
GCV1,Glycine
HOM2,Homoserine
LEU1,Leucine
MAE1,Other
PHA2,AAA
TRP3,AAA
ARO9,AAA
GCV2,Glycine
HOM3,Homoserine
LEU2,Leucine
MET13,Methionine
SAH1,Other
TRP4,AAA
BAT1,BCAA
GDH1,Glutamate
HOM6,Homoserine
LEU4,Leucine
MET14,Methionine
SAM1,Methionine
TRP5,AAA
MET28,Methionine
GDH3,Glutamate